{
  "budget": [
    {
      "id": "1",
      "date": "2024-06-04",
      "type": "income",
      "category": "월급",
      "amount": 3000000,
      "memo": "6월 월급"
    },
    {
      "id": "2",
      "date": "2024-06-10",
      "type": "expense",
      "category": "식비",
      "amount": 10000,
      "memo": "점심값"
    },
    {
      "id": "91e6",
      "date": "2024-06-03",
      "type": "income",
      "category": "이월",
      "amount": 2000000,
      "memo": "5월 이월"
    },
    {
      "id": "8498",
      "date": "2024-06-20",
      "type": "expense",
      "category": "주거",
      "amount": 300000,
      "memo": "월세"
    },
    {
      "id": "58c4",
      "date": "2024-06-21",
      "type": "expense",
      "category": "통신",
      "amount": 50000,
      "memo": "통신비"
    },
    {
      "id": "6949",
      "date": "2024-06-18",
      "type": "income",
      "category": "기타",
      "amount": 500,
      "memo": "주움"
    },
    {
      "id": "704a",
      "date": "2024-06-12",
      "type": "expense",
      "category": "적금",
      "amount": 500000,
      "memo": "적금"
    },
    {
      "id": "818f",
      "date": "2024-06-09",
      "type": "income",
      "category": "용돈",
      "amount": 3000,
      "memo": "용돈"
    },
    {
      "id": "949b",
      "date": "2024-06-16",
      "type": "expense",
      "category": "쇼핑",
      "amount": 1000,
      "memo": "구매"
    },
    {
      "id": "a516",
      "date": "2024-06-12",
      "type": "expense",
      "category": "적금",
      "amount": 3000,
      "memo": "저금통"
    },
    {
      "id": "33e7",
      "date": "2024-06-12",
      "type": "expense",
      "category": "쇼핑",
      "amount": 7000,
      "memo": "연필"
    },
    {
      "id": "4485",
      "date": "2024-06-19",
      "type": "income",
      "category": "용돈",
      "amount": 1100,
      "memo": "심부름값"
    },
    {
      "id": "6cbf",
      "date": "2024-06-14",
      "type": "expense",
      "category": "식비",
      "amount": 3300,
      "memo": "간식"
    },
    {
      "id": "90e3",
      "date": "2024-06-21",
      "type": "income",
      "category": "이자",
      "amount": 134414,
      "memo": "수익"
    },
    {
      "id": "c393",
      "date": "2024-06-22",
      "type": "income",
      "category": "기타",
      "amount": 31400,
      "memo": "수당"
    },
    {
      "id": "0d73",
      "date": "2024-06-21",
      "type": "expense",
      "category": "주거",
      "amount": 76430,
      "memo": "관리비"
    },
    {
      "id": "ebff",
      "date": "2024-06-21",
      "type": "income",
      "category": "월급",
      "amount": 90900,
      "memo": "보너스"
    },
    {
      "id": "bdc0",
      "date": "2024-06-15",
      "type": "income",
      "category": "기타",
      "amount": 15000,
      "memo": "삥"
    },
    {
      "id": "60db",
      "date": "2024-06-20",
      "type": "expense",
      "category": "기타",
      "amount": 100000,
      "memo": "삥뜯김"
    },
    {
      "id": "89b0",
      "date": "2024-06-20",
      "type": "expense",
      "category": "주거",
      "amount": 51000,
      "memo": "월세"
    }
  ],
  "user": {
    "username": "1234"
  }
}